name,minutes,n_steps,steps,description,ingredients,n_ingredients
ali baba s oven fries,47,5,"['preheat oven to 400 degrees f', 'lightly oil a large baking pan', 'mix the spices , oil and lemon juice together in a small bowl', 'toss the potatoes with this mixture until evenly coated', 'spread the potatoes onto the baking sheet and bake in the preheated oven for 30-35 minutes or until nicely browned and crispy , turning once halfway during cooking']",serve with falafel or kebabs in pita or other favorite middle eastern foods.,"['potatoes', 'garlic powder', 'ground cumin', 'ground fenugreek', 'ground cinnamon', 'ground cayenne pepper', 'black pepper', 'salt', 'olive oil', 'fresh lemon juice']",10
ginger cinnamon fruit dip,65,3,"['in a small bowl , combine the yogurt , cream cheese , ginger and cinnamon until blended', 'cover and refrigerate for at least 1 hour', 'serve with fruit']","this is a simple and tasty snack developed by the taste of home test kitchen. there are similar recipes here on rz, but most had brown sugar added, and this one is at least slightly different than all those already posted.

this is light tasting and refreshing. it is recommended as a brunch recipe or snack. it is definitely a welcome change from chips and dip!

cooking time refers to chilling time.","['vanilla yogurt', 'whipped cream cheese', 'ground ginger', 'ground cinnamon', 'fresh fruit']",5
xim xim de galinha,100,12,"['marinate the chicken in the lemon juice , salt , and pepper for half an hour', 'grind the dried shrimp in a food processor with the onion and tomatoes into a thick paste', 'in a large saucepan , heat the oil over medium heat', 'add the garlic and cook , stirring , until browned', 'add the onion , tomato , and shrimp paste and the drained chicken pieces', 'brown the chicken pieces on all sides , then add 1 / 4 cup of the water bit by bit , cover the pot , reduce the heat to low , and cook for 35 to 40 minutes , or until the chicken is almost cooked', 'be sure that the mixture does not boil and stir occasionally so that the chicken pieces do not stick to the pan', 'add the jumbo shrimp , malagueta peppers , and ground nuts', 'check the seasonings', 'add the ginger and remaining water and finish cooking by bringing the mixture to a boil', 'when ready to serve , drizzle the dende oil over the xim-xim and cook for a few more minutes', 'in lieu of dende oil , you can use a mixture of 1 cup vegetable oil and 3 tablespoons annatto seeds that has soaked for 12 hours']","xim-xim de galinha, meaning chicken with peanuts and cashews, is a brazilian dish. it's served hot with white rice and farofa, a chili condiment.","['roasting chicken', 'lemons, juice of', 'salt and pepper', 'dried shrimp', 'onion', 'tomatoes', 'olive oil', 'garlic clove', 'water', 'jumbo shrimp', 'hot peppers', 'roasted cashew nuts', 'roasted peanuts', 'fresh ginger', 'oil']",15
mrs  field s triple layered lemon bars,120,23,"['preheat oven to 325', 'prepare the shortbread crust: cream butter and sugar in medium bowl with electric mixer set on high speed', 'add vanilla and mix until combined', 'add flour and mix at low speed until fully incorporated', 'press dough evenly into bottom of an 8- by 8-inch baking pan', 'refrigerate until firm , approximately 30 minutes', 'prick shortbread crust with fork and bake for 30 minutes or until crust turns golden brown', 'cool on rack to room temperature', 'prepare the cream cheese filling while the crust is baking: beat the cream cheese and sugar until smooth in medium bowl with electric mixer set on high speed', 'add egg and lemon extract and beat on medium speed until light and smooth', 'cover bowl tightly and refrigerate', 'prepare the lemon curd: blend the egg yolks with cornstarch and sugar in medium non-aluminum saucepan', 'place over low heat and slowly whisk in water and lemon juice', 'increase heat to medium-low and cook , stirring constantly , until mixture thickens enough to coat the back of a spoon', 'remove from heat', 'add lemon peel and butter and cool for 10 minutes', 'assemble the bars: sread chilled cream cheese filling evenly over cooled shortbread crust with spatula', 'spread lemon curd evenly over cream cheese filling', 'place pan in center of oven', 'bake 30 to 40 minutes or until edges begin to turn light golden brown', 'cool to room temperature on rack', 'chill in refrigerator 1 hour before cutting into bars', ""dust top with confectioners' sugar""]","creamy, tart and super delicious!!!!","['salted butter', ""confectioners' sugar"", 'vanilla extract', 'flour', 'cream cheese', 'egg', 'lemon extract', 'egg yolks', 'cornstarch', 'granulated sugar', 'water', 'lemon peel', 'lemon juice']",13
naturally gluten free macaroons,20,4,"[""mix coconut , sugar and rice flour together , add the egg whites and almond extract , the egg whites don't have to be beaten , just broken up a bit with a fork"", 'drop heaping about a tablespoon full on a well greased baking sheet', 'should only make 12 cookies', 'bake for around 15 minutes at 325 degrees until the edges and top are browning']","i recently started eating gluten free, i had originally thought i was lactose intolerant, but gluten free made me feel so much better. i have hunted all over for recipes for my sweet tooth, here is one that is not only sweet but could be made into chocolate macaroons with a little ingenuity! this recipe was so quick, it took longer to take out and put away the ingredients than to mix it up.","['coconut', 'icing sugar', 'rice flour', 'egg whites', 'almond extract']",5
weight watchers mashed  potatoes  with chives,25,7,"['place cauliflower , potatoes , garlic and 1 / 2 teaspoon of salt in a medium saucepan', 'add enough water to cover and bring to a boil', 'boil until vegetables are tender , about 10-15 minutes', 'drain and return to saucepan', 'stir in milk , butter , remaining 1 / 2 teaspoon of salt and pepper', 'mash until smooth', 'stir in chives and serve']",i got this recipe from a coworker that brought this in for a pot luck football party at work. i personally am not on the ww's program but the recipe is 2pts per 1/2 cup serving.,"['cauliflower', 'yukon gold potatoes', 'garlic cloves', 'table salt', 'low-fat milk', 'salted butter', 'black pepper', 'fresh chives']",8
veggie portabella pizza,23,12,"['preheat the oven to 400f', 'coat a baking sheet with cooking spray', 'place the mushrooms upside down on the sheet , bake for 5 minutes , then set aside', 'combine the tomato paste , tomatoes , anchovy paste , if using , and garlic in a small bowl', 'mix well', 'spoon 1 / 4 cup of the sauce mix into the center of each mushroom', ""you'll have some leftover for a later batch"", 'layer the onion on top of the mushrooms , then sprinkle on the cheeses', 'arrange the pepper slices on top', 'add the salt and pepper to taste', 'bake for 10 minutes until the cheese is golden brown and melted', 'enjoy !']","if you love pizza, but are trying to cut down on the calories and fat, try this!enjoy, and feel guilt free!","['portabella mushrooms', 'tomato paste', 'tomatoes and green chilies', 'anchovy paste', 'garlic', 'yellow onion', 'light cheddar cheese', 'feta cheese', 'green bell pepper', 'yellow bell pepper', 'salt', 'pepper']",12
seattle lunch hotdish,45,3,"['mix all ingredients together in greased baking dish', 'top with bread crumbs or crushed croutons', 'bake 30 min @ 350']","handed down 2 generations, this hot dish has been adapted to fit our family.  with a husband who doesn't eat any vegetables, they've all been taken out.  the original recipe had onions and whole kernel corn, add them if you like!","['ground beef', 'wide egg noodles', 'velveeta cheese', 'tomato soup', 'worcestershire sauce', 'ketchup', 'breadcrumbs']",7
spicy tuna couscous,15,6,"['place couscous and seasoning into a heatproof bowl', 'pour over the water while stirring with a fork', 'cover with plastic wrap and set aside for 5 minutes or until all the liquid is absorbed', 'fluff with a fork to separate the grains', 'add lemon juice , tuna , shallot , tomato , cucumber , capsicum and mint and stir to combine', 'serve with the lettuce leaves']","recipe for 1.  easy lunch.
if you want it to be vegetarian, add 1/2 cup of drained chickpeas and omit the tuna.","['couscous', 'moroccan seasoning', 'boiling water', 'lemon juice', 'tuna in brine', 'shallots', 'tomatoes', 'lebanese cucumber', 'green capsicum', 'of fresh mint', 'lettuce leaves']",11
sun dried tomato and salami couscous salad   whole foods,25,7,"['in a medium saucepan , bring water to a boil', 'stir in couscous', 'immediately remove pot from the heat , cover and set aside for 10 minutes', 'uncover , transfer couscous to a large bowl and fluff with a fork', 'set aside to let cool to room temperature', 'add arugula , tomatoes , lemon juice , oil , zest , pepper flakes , salami , basil and salt and toss gently to combine', 'serve salad at room temperature']",couscous is the perfect summer grain because it rehydrates so easily in hot water and your kitchen doesn't get heated up.  either regular or whole wheat couscous can be used in this.,"['water', 'couscous', 'baby arugula', 'sun-dried tomato packed in oil', 'lemon juice', 'olive oil', 'lemon zest', 'red pepper flakes', 'salami', 'basil leaves', 'salt']",11
pistachio mallow salad,10,3,"['in a large bowl , combine whipped topping , and pudding mix', 'fold in the marshmallows and pineapple', 'cover and refrigerate for at least 2 hours before serving']",i make this every thanksgiving to go with dinner.it can also be used as a dessert!! i got this from taste of home.,"['frozen whipped topping', 'instant pistachio pudding mix', 'miniature marshmallows', 'crushed pineapple']",4
dad s tuna melt casserole,40,6,"['prepare pasta as directed - drain', 'mix - all ingredients together , except crumbs', 'place in a 9 x 13 casserole dish', 'sprinkle with your preferred amount of crumbs', 'spray with butter flavor , butter replacement spray , not cooking oil spray', 'bake at 350 degrees for 20-30 minutes']",dad's tuna melt casserole is a recipe devised by my dh on one of his kick the shelves and thats whats for dinner nights. it has become a family favorite.,"['low-carb penne', 'cream of mushroom soup', 'tuna', 'cheese', 'low-carb breadcrumbs', 'butter-flavored cooking spray']",6
the best macaroni and cheese,40,11,"['boil pasta as directed and drain', 'add chicken bouillon cubes to water and let dissolve', 'butter a 13 x 9 pan', 'in a medium sauce pan over medium heat , melt butter and add flour mix until well blended and cook for about 5 minutes', 'add broth with whisk stir to a smooth paste', 'when that is smooth add half and half', 'bring to a simmer stirring constantly , then add cheese', 'once melted add sauce and pasta to prepared pan , toss to coast well', 'sprinkle cheese on top', 'bake at 350f until hot and bubbly', 'enjoy !']",this is by far the best mac n cheese recipe ever.  i love this recipe the most because it it the only thing my mother makes that i like.  the best part is you can mix up different cheeses and you can also use the sauce (with fresh parm cheese) to make the best alfredo sauce ever!,"['chicken bouillon cubes', 'hot water', 'butter', 'flour', 'half-and-half', 'cheese', 'pasta']",7
yoghurt   carrot dip,15,2,"['scrape the carrots and grate them', 'whip yoghurt with remaining ingredients , throw in the carrot and mix well']","this is so so quick and easy you will have it ready in no time, it's great when  unexpected guests visit. serve with potato crisps or little crackers.","['carrot', 'yoghurt', 'garlic', 'salt', 'olive oil', 'lemon juice', 'ground walnuts']",7
foil pack tilapia with lemon  rosemary   tomato,40,7,"['sprinkle paprika and cayenne pepper on both sides of the tilapia fillets', 'place each slice of lemon in a piece of foil , large enough that it can be folded to fully cover the fish', 'add garlic to each of the four', 'top each lemon slice with a piece of fish and tomatoes', 'add a stalk of fresh rosemary to each foil pack and seal foil', 'place in a baking dish', 'preheat oven to 350f and bake 15-20 minutes , or until fish flakes easily']",a friend brought a similar recipe to a potluck.,"['tilapia fillets', 'paprika', 'cayenne pepper', 'garlic clove', 'lemons', 'cherry tomatoes', 'fresh rosemary', 'salt and pepper']",8
burma curry chicken,40,5,"['heat oil in shallow pan over medium heat and brown chicken breasts', 'remove and then add onion , garlic , ginger and lemon rind , turmeric , chilli flakes and fish sauce', 'cook for 2 minutes', 'stir in 1 / 2 cup water and add chicken , cover and simmer for 20-25 minutes or until tender', 'serve with rice garnished lemon and coriander']","nice and spicy, simple and delicious.","['onions', 'garlic', 'ginger', 'fresh lemon rind', 'oil', 'turmeric', 'chili flakes', 'fish sauce', 'chicken breasts', 'water']",10
shrimp lafayette,61,15,"['peel shrimp , reserving the shells', 'devein shrimp if desired , and set aside', 'combine the shrimp shells , 2 cups water , 1 / 2 tsp salt , and 1 / 4 tsp black pepper in a medium saucepan', 'bring to a boil', 'reduce heat and simmer , uncovered , for 15 minute', 'pour the stock through a strainer into a bowl and discard the shells', 'set aside 1 / 4 cup shrimp stock for other uses , if desired', 'cook shrimp in 1 tbs butter in a large saucepan over medium-high heat , stirring constantly , 3 min or until shrimp turn pink', 'remove shrimp from pan , set aside and keep warm', 'cook the bell pepper , onion and jalapeno in remaining 1 tbs butter in pan over medium-high heat , stirring constantly for 5 min or until vegetables are tender', 'stir in remaining 1 / 2 tsp salt and 1 / 4 tsp ground black pepper , tomato , brown sugar , red pepper , white pepper , and garlic', 'cook for 5 min , stirring occasionally', 'add the reserved 1 / 4 cup shrimp stock and cook for 5 min , stirring occasionally', 'add the shrimp and cook until mixture is thoroughly heated , stirring occasionally', 'serve over linguine']","sweet and spicy shrimp with pasta....yummy!!
i haven't tried this one yet, because i just found it in my southern living cookbook, but my parents live in lafayette, louisiana so i feel obligated. oh and it sounds really good too!","['medium-sized shrimp', 'water', 'salt', 'black pepper', 'butter', 'red bell peppers', 'onion', 'jalapeno pepper', 'tomatoes', 'brown sugar', 'ground red pepper', 'white pepper', 'garlic cloves', 'cooked linguine']",14
fettuccine con carciofi,40,30,"['fill large bowl with cold water', 'squeeze juice from lemon halves into water', 'add lemon halves', 'working with 1 artichoke at a time , cut off stem from artichoke', 'using small knife , peel stem , then slice into 1 / 4-inch-thick rounds', 'drop stem slices into lemon water', 'pull off leaves from artichoke and discard', 'using spoon , scoop out choke', 'thinly slice artichoke bottom', 'drop artichoke slices into lemon water', 'repeat with remaining artichokes', 'heat oil in heavy large skillet over medium heat', 'add garlic', 'saut 1 minute', 'drain artichoke pieces', 'add to skillet', 'saut until artichokes are soft and beginning to turn golden , about 20 minutes', 'add wine', 'reduce heat to medium-low , cover , and simmer 3 minutes', 'stir in 1 1 / 2 tablespoons parsley', 'simmer 1 minute', 'discard garlic', 'season sauce with salt and pepper', 'meanwhile , cook pasta in large pot of boiling salted water until just tender but still firm to bite , stirring occasionally', 'drain pasta , reserving 1 cup pasta cooking liquid', 'return pasta to pot', 'add artichoke sauce and half of cheese and toss to blend , adding some of reserved pasta cooking liquid if dry', 'season to taste with salt and pepper', 'transfer to bowl', 'sprinkle with remaining cheese and 1 1 / 2 tablespoons parsley and serve']","fettuccine with artichokes, parsley, and parmesan

recipe by carla capalbo","['lemon', 'artichokes', 'extra virgin olive oil', 'garlic cloves', 'dry white wine', 'fresh italian parsley', 'salt', 'pepper', 'fettuccine', 'fresh parmesan cheese']",10
delicious cranberry limeade,5,5,"['mix cranberry juice cocktail and limeade concentrate in large plastic or glass pitcher', 'refrigerate about 1 hour , or until chilled', 'just before serving , stir in sparkling water', 'serve over ice', 'garnish if desired']","this is so easy! so refreshing! if you want to ""kick it up a notch,"" you can add your favorite spirit (alcohol). from betty crocker. you can also change the cranberry juice for another type of juice, such as, cran-raspberry or cran-apple.","['cranberry juice cocktail', 'frozen limeade concentrate', 'sparkling water', 'lime wedge', 'cranberries']",5
angel hair pasta with vegetables  pine nuts and feta cheese,25,8,"['cook angle hair pasta in boiling water for 3 to 4 minutes , be careful not to over cook , keep warm', 'heat olive oil to a sizzle in a skillet', 'when oil is hot , remove the saucepan from the flame and add the roma tomatoes , green onions , garlic , basil , salt , pepper and tomato juice to the skillet , then place back on flame', 'mix well too heat through approximately 30 seconds , remove from heat', 'add cooked drained pasta to the hot skillet , spreading it over the entire veggie mixture', 'add feta cheese to the pasta and gently fold all ingredients until the cheese is melted', 'with tongs pull the pasta out of the skillet and mound high into bowl , with a rubber spatula , scrape the remaining ingredients on top', 'sprinkle toasted pine nuts , feta cheese and fresh parmesan cheese all over the pasta , sprinkle with parsley , serve']",this is an easy to make recipe. the sauce is quick to make and is done it about 10 minutes. great for lunch or dinner. i seen this made on a local tv show.,"['olive oil', 'roma tomatoes', 'tomato juice', 'green onion', 'garlic', 'fresh basil', 'salt', 'black pepper', 'angel hair pasta', 'feta cheese', 'pine nuts', 'fresh parmesan cheese', 'fresh parsley']",13
ila s candied walnuts,10,5,"['combine all ingredients in a skillet except walnuts', 'simmer for 4 minutes or until mixture spins small thread from spoon', 'remove from heat and stir in walnuts', 'continue stirring until syrup forms a sugar coating over the walnuts', 'gently separate nuts while cooling']",these are really good and can be eaten right out of your hand or used to enhance other dishes.,"['granulated sugar', 'cold water', 'salt', 'vanilla extract', 'ground cinnamon', 'walnuts']",6
kari s squishy summer squash,55,8,"['pre-heat oven to 375', 'spray casserole dish with cooking spray', 'start with a layer of 1 / 3 of the squash , sprinkle with salt and pepper', 'add 1 / 3 of the onion , 1 / 3 of the velveeta and 1 / 3 of the cracker crumbs', 'dot with butter', 'start layering process over', 'once all layers are added , pour milk over , cover and bake for 25-30 minutes', 'remove cover and bake 15-20 minutes more']",even kids and/or squash haters like this one. i think its the velveeta. i really don't measure. so everything is approximate. you may have to adjust.,"['summer squash', 'saltine crackers', 'onion', 'salt and pepper', 'velveeta cheese', 'butter', 'milk', 'cooking spray']",8
parsnip and carrot latkes  vegetable pancakes,20,11,"['peel and remove ends from parsnips and carrots', ""grate parsnips and carrots by hand or with your food processor's grater attachment"", 'place in large bowl', 'puree onions and garlic in food processor and add to vegetable mixture', 'add remaining ingredients and mix well', ""heat 1 / 2 inch of olive oil in a heavy pan until right before the oil's smoking point"", 'add 1 / 4 cup of batter at a time to the hot oil , pressing gently with the back of the spatula until each pancake is 1 / 2 inch thick', 'cook until the exterior is crispy and a dark golden brown in color', 'flip and cook on the second side', 'remove with slotted spatula and place on plate lined with several layers of brown paper or paper towel', 'serve hot']","a  new twist to a traditional jewish dish - serve instead of potato latkes at chanukah, or in addition. these vegetable pancakes are beautifully colorful and very tasty. they go wonderfully with sour cream.

the gluten-free rice flour mix i use is 3 cups white rice flour, 3 cups brown rice flour, 2 cups potato starch (not flour), 1 cup tapioca starch - use just one cup of this mixture. if you can eat gluten, use just 1/2 cup of matzo meal instead.","['parsnip', 'carrot', 'onion', 'garlic cloves', 'ground black pepper', 'salt', 'lemon, juice of', 'chives', 'eggs', 'gluten-free rice flour mix', 'olive oil']",11
comfort cake,85,10,"['pour pineapple into ungreased 13x9x2 inch baking pan', 'spread one half of the bag of peaches over the pineapple', 'sprinkle the entire box of white cake mix over the pineapple and peaches , mix a little', 'add the rest of the peaches , spread on cake mix', 'sprinkle raisins over this', 'sprinkle pecans over raisins', 'drizzle melted butter over all', 'bake at 350f for 1 hour', 'let stand for 5 minutes', 'serve with ice cream']","easy to make, very tasty. from a dear german lady who is our neighbor and friend.","['crushed pineapple', 'frozen sliced peaches', 'white cake mix', 'golden raisin', 'pecan halves', 'brown sugar', 'butter']",7
zingy roasted fish with lemon herb couscous,35,13,"['clean fish and pat dry', 'make 3 diagonal scores in flesh of each side', 'cut 2 large squares of foil and lightly mist with oil', 'place 1 chinese cabbage leaf on each square of foil and top with vegetables', 'place fish on top', 'mix fresh herbs , ginger , garlic , paprika , anise , spring onion and orange soda together in a small pan and heat very gently', 'once warm use mixture to stuff fish , drizzling any remaining liquid over the top', 'arrange lemon slices over fish and sprinkle sparingly with fish sauce & vinegar if desired', 'seal foil packages and bake in 220c oven for 25min', 'place couscous ingredients in a small pan , cover with water , and bring to the boil , stirring constantly', 'cover , and leave to stand for 5 minutes', 'open up foil packets , discard lemon slices and place fish under a hot grill to crisp the skin , basting with any excess juices', 'serve the fish a-top the couscous with roasted garlic and a crisp salad for a real taste explosion !']",this one will really give your taste buds a kick start! sounds a strange combination but give it a go - it's bursting with flavour!,"['tilapia fillets', 'fresh coriander', 'fresh parsley', 'fresh ginger', 'garlic clove', 'orange, zest of', 'paprika', 'ground aniseed', 'diet orange soda', 'lemon', 'sliced mushrooms', 'broccoli floret', 'onion', 'chinese cabbage', 'fish sauce', 'rice vinegar', 'couscous', 'dried tarragon', 'lemon juice']",19
kahlua cardamom cappuccino,20,3,"['combine all ingredients in a large saucepan or dutch oven', 'cook over medium heat until mixture is just about to boil , but do not boil !', 'remove from heat and serve immediately']","try a cup of this with your dessert after christmas dinner! this is a rich and decadent, once a year treat (or more often if you're so inclined!). prep time includes 10 minute coffee brewing time.","['brewed coffee', 'half-and-half', 'rum', 'coffee-flavored liqueur', 'ground cardamom']",5
italian slider,2,3,"[""pour bailey's into a shot glass"", 'carefully fill with grappa', 'add some crushed ice']","since i have a full bottle of grappa at home, i was searching for some drinks to do with it and i found this one that looks yummy!  the quantity are not written, so i'm guessing 1 ounce of each is enough. if you do it and judge that the quantity is not enough or too much, tell me and i'll change it.","['baileys irish cream', 'grappa', 'ice']",3
chicken with vinegar sauce,70,11,"['make sure chicken parts are patted dry', 'season them', 'heat olive oil in large saut pan or dutch oven', 'lay the chicken skin side down turn chicken to allow it to brown evenly on all sides', 'add butter , diced onion , garlic cloves , and saut for a few more minutes', 'remove any access fat', 'deglaze the pot with the white wine vinegar and reduce the liquid completely', 'add the bouquet garni , white wine , chicken stock and diced tomatoes to the pot', 'bring to a boil , lower the heat to a slow simmer , cover and simmer for 30 minutes', 'take off the lid , raise the temperature to medium , take out the herb sachet and cook for another 10 minutes', 'plate chicken with the sauce and garnish chopped parsley']","a garlicky, flavourful, truly seductive chicken dish. it takes time and a lot of love, but i promise you the result is heavenly. this dish is so comforting and for me, the cooking process is almost therapeutic :-). i hope you will enjoy this as much as we do. *recipe from la reglade french bistro, our local favorite","['free-range chicken', 'bouquet garni', 'olive oil', 'butter', 'onion', 'garlic cloves', 'white wine vinegar', 'diced tomatoes', 'dry white wine', 'chicken stock', 'salt and pepper', 'parsley']",12
blackberry lime cheesecake,60,38,"['heat oven to 350f spray a 6-inch springform pan with baking spray', 'in a small bowl , use a fork to combine graham cracker crumbs , melted butter and brown sugar', 'press mixture into bottom of prepared pan', 'bake for 8-10 minutes or until golden around edges', 'set aside to cool', 'leave the oven on', 'reserve 2 / 3 cup of the semi-thawed blackberries', 'in a blender or food processor , combine remaining blackberries with 1 / 4 cup of the sugar', 'process or blend until pured', 'strain through a fine mesh strainer to remove seeds', 'set aside pure', 'in the bowl of a stand mixer , combine cream cheese , remaining 1 / 2 cup sugar and flour', 'mix on low until combined', 'scrape down the sides of the bowl , then mix some more', 'do not mix any faster than meduim-low', ""you don't want to incorporate air into the mixture"", 'add 1 egg , mix thoroughly and scrape bowl', 'add second egg , mix and scrape again', 'add vanilla and mix one more time', 'fold 1 / 2 cup of the blackberry pure and reserved whole blackberries into batter', 'transfer batter to crust', 'bake for 10 minutes', 'then reduce oven temperature to 250f and bake for another 30 minutes', 'the top of the cheesecake should be slightly puffed and spongy-firm to the touch', 'it should just jiggle slightly when the pan is tapped', 'let cool at room temperature for 1 hour , then refrigerate until completely chilled', 'while cheesecake bakes , prepare blackberry-lime curd', 'in a medium stainless-steel bowl , combine eggs , and sugar with a whisk', 'add remaining blackberry pure , lime juice , and lime zest', 'set bowl over a medium saucepan of simmering water', 'the bowl should rest on the top edge of the pan without touching the water', 'whisk mixture continuously until it reaches 170f remove from heat and add butter , one piece at a time , whisking to combine', 'press plastic wrap directly onto surface of curd and refrigerate until cool ,', 'when ready to assemble dessert , remove springform sides', 'run a spatula under crust to remove bottom of pan', 'transfer to plate', 'spoon blackberry-lime curd over top of cheesecake', 'garnish with blackberries and mint leaves and serve']","cheesecake isn't a terribly difficult dessert.  it just requires a bit of attention to detail.  this recipe is perfect for those who love sweet-tart desserts.  it has a classic graham cracker crust and a rich and creamy berry cheesecake, all topped with a sweet-tart blackberry-lime curd.  the recipe for the curd makes more than what you need for the cheesecake, that's because it's easier to make in quantity.  leftover are delicious on toast or waffles in place of jam, or spooned over vanilla ice cream.","['graham wafers', 'butter', 'brown sugar', 'frozen blackberries', 'sugar', 'cream cheese', 'flour', 'eggs', 'vanilla', 'lime juice', 'lime', 'mint leaf']",12
czech potato dumplings,90,22,"['peel and boil potatoes until done', 'drain potatoes and mash', 'do not add butter or milk', 'cool potatoes in refrigerator until cold', 'mix in order given', 'mix well , and knead on a floured board until smooth', 'divide dough in half and make each half of dough into a roll about 3 inches in diameter and about 12 inches long', 'cut into dumplings about 2 inches long with a sharp knife that has been dipped in flour', 'while you are cutting the dumplings , bring a large stockpot about 2 / 3 full of water with 1 teaspoon of salt added to water to a boil', ""once the water is boiling , add half of the dumplings to the water and stir so they don't stick to the bottom"", 'boil for 15 minutes', 'remove from water with slotted spoon to drain', 'place dumplings in roaster sprayed with non-stick cooking spray', 'cover and keep warm in oven set to low', 'boil the rest of the dumplings , remove from water and add to roaster', 'serve', 'these are wonderful eaten with butter or sauerkraut or gravy', 'i use all of my leftover mashed potatoes for this recipe', 'to freeze:', 'place leftover dumplings on waxed paper lined baking sheets and freeze until solid', 'remove from baking sheet and place in ziplock freezer bags to store in freezer', 'will keep for 6 months in freezer']","this recipe is part of my czech heritage. my grandmother made these by the dozens to feed the 9 kids in the family when my dad and his brothers and sisters were growing up. all of the kids learned to make these and my dad made these every time we had roast duck or roast pork when i was growing up.  they take some time to make and you will make a mess in your kitchen making them, but they are wonderful. the ladies at the local church make these by the hundreds for the annual czech days celebration every june to serve with the roast pork dinner that they sell at the hall. i usually make a double batch when i make them and then freeze the leftovers to have on hand when i don't have the time to make them. they are also great the next day sliced and fried in a little butter or sliced and mixed in with scrambled eggs.","['mashed potatoes', 'eggs', 'cream of wheat', 'flour']",4
jalapeno   artichoke dip from channell,45,3,"['mix all ingredients together in a small casserole dish , leaving a little cheese out', 'sprinkle the extra cheese on top', 'bake at 425 degrees for 30 minutes']","my sister in law brought this dip to thanksgiving dinner, i'm not a big dip fan, but i couldn't stay out of this one!  really easy and really good!","['mayonnaise', 'sour cream', 'artichoke hearts', 'jalapeno peppers', 'parmesan cheese']",5
asian chicken  noodle  and vegetable salad,20,9,"['prepare noodles according to package directions', 'drain and cool', 'combine noodles , chicken , and next 4 ingredients in a large bowl', 'toss well', 'combine chili sauce and next 5 ingredients in a small bowl , stirring with a whisk', 'drizzle chili sauce mixture over noodle mixture', 'toss gently to coat', 'sprinkle with peanuts', 'serve immediately']",an adaptation of a cookinglight recipe.  you could sub cucumbers for the water chestnuts.,"['rice noodles', 'cooked boneless skinless chicken breasts', 'carrot', 'red bell pepper', 'green onion', 'water chestnut', 'mixed mushrooms', 'thai sweet chili sauce', 'canola oil', 'rice wine vinegar', 'fresh lemon juice', 'low sodium soy sauce', 'fresh ginger', 'dry-roasted unsalted peanuts', 'cilantro']",15
peanut butter crunch squares,30,10,"['cream margarine and brown sugar', 'stir in flour', 'press into un-greased 13 x 9-inch pan', 'bake at 350 for 15 minutes', 'in saucepan combine granulated sugar and corn syrup', 'heat to boiling', 'remove from heat and add peanut butter chips and peanut butter', 'stir until melted', 'stir in cornflakes and spread over baked layer', 'cut into squares while still warm']","oh, these are good. my peanut butter fanatic kids inhale these. a good vegan dessert if you use margarine.","['margarine', 'brown sugar', 'flour', 'white sugar', 'light corn syrup', 'peanut butter chips', 'chunky peanut butter', 'corn flakes']",8
berry banana shake   delicious and simple,11,4,"['combine milk and frozen berries in blender and blend', 'add banana and blend', 'add peanut butter if desired and blend', 'serve some immediately and if you want , freeze the rest in cups for several hours and it gets a slushie-like quality']","delicious, very simple to make!
depending on your tastes, you can change the amounts of milk, frozen berries and banana and it will still be delicious!","['milk', 'frozen blueberries', 'banana', 'peanut butter']",4
peanut butter chocolate smoothie,10,3,"['combine all ingredients in a blender', 'blend on high for 30 seconds', 'pour into glasses , garnish with fresh fruit']",high protein...look here! this recipe is from p.b smoothie.,"['skim milk', 'chocolate instant breakfast drink mix', 'banana', 'peanut butter', 'wheat germ']",5
favorite southern cornbread dressing,85,14,"['get you 1 big pan , i usually use one of those turkey roaster pans', 'spray or grease it really good', 'preheat oven to 375 degrees', 'crumble cornbread up with your hands in a big bowl', 'mix in rice', 'add green onions', 'add chicken broth until it looks soupy and you can stir it with a spoon , kinda like grits', 'add the salt and pepper', ""taste it now to see if it's seasoned how you want it to be"", 'if not add more salt , pepper , or green onions', 'then the beaten eggs', ""the eggs is what makes it all stick together so they are important , don't forget em !"", 'bake at 375 degrees for about 1 hour and 15 minute or until knife inserted in center comes out clean', 'this makes one really big pan or 2-3 little pans']","i was horrified to see that all the dressing recipes on the site seemed to have cornbread and bread in them!!! i never heard of adding bread to dressing!! this is my family's oldest recipe, no one knows who's it is, it has been passed down from mouth for generations!!","['cornbread', 'cooked rice', 'chicken broth', 'eggs', 'salt and pepper', 'green onion']",6
baked sweet potato with apples,60,7,"['preheat oven to 350 degrees f', 'mix the sweet potatoes , apple and sugar', 'butter a baking dish and put the potato mixture into it', 'dot with any remaining butter', 'cover and bake 40 minutes', 'uncover and sprinkle with the parsley and zest', 'nice served with chicken or pork']",found on a recipe card from the supermarket,"['sweet potatoes', 'apples', 'brown sugar', 'butter', 'fresh parsley', 'orange zest', 'grapefruit, zest of']",7
sweeten the catch,365,5,"['mix ingredients well until dissolved', 'submerge fish in the solution by weighing down with a heavy plate', 'refrigerate overnight , or a minimum of 6 hours', 'discard solution and rinse fish under cold water', 'dry on paper towels and cook or freeze for later use']","great way of removing gaminess and oily taste from fish (trout, salmon etc.) this method is supposedly a common technique in restaurants to produce a sweeter and fresher taste. all i know is it works on trout and kokonee salmon. got this ""sweetening"" recipe from field and stream magazine in the mid 80's. works great on fillets and pan dressed fish.","['salt', 'baking soda', 'cold water']",3
pink potato soup,45,7,"['boil potatoes , celery , carrot and onion in 1 / 2 cup water in a covered saucepan for 20 minutes', 'use water to cover , more if needed', 'add milk , salt , pepper and parsley', 'bring just to boiling point', 'mix sour cream , flour and paprika', 'remove 1 cup hot mix from pan , stir into sour cream mix , return all to pot', 'cook , stirring constantly until bubbly and flour has thoroughly cooked']","i don't know where i got this recipe, but i've been making it for 25 or 30 years.  my ex-mil's boyfriend was at the excruciating end of his terminal pancreatic cancer, and i made some for him, in the hope that he could tolerate maybe this, as he couldn't seem to tolerate anything else.  it did the trick, and he spent his final days having bowl after bowl of this, and loving every spoonful.","['potatoes', 'celery rib', 'carrot', 'onion', 'milk', 'salt', 'pepper', 'parsley', 'sour cream', 'flour', 'paprika']",11
bacon  n  bean dip,30,7,"['cook bacon in med saucepan over med heat , stirring , until crisp', 'using slotted spoon , transfer bacon to small bowl and set aside', 'discard bacon fat', 'add 2 t olive oil , the carrot , onion , and garlic to saucepan and cook over med heat , stirring til tender , 6-8 minute add beans , cover and cook over med-low for 5 minute let cool', 'using food processor , puree bean mixture , yogurt and 2-3 t water til nearly smooth', 'add reserved bacon and pulse to incorporate', 'season with salt and pepper']","from ""everyday with rachael ray.""  the original recipe called for making your own baked potato chips, but i didn't think i would ever go through the trouble.  i would serve it with yummy thick kettle chips or pita chips.","['bacon', 'carrot', 'onion', 'garlic cloves', 'cannellini beans', 'plain yogurt', 'olive oil']",7
easy pasta carbonara,32,5,"['cook pasta according to package directions until al dente', 'do not rinse', 'mix in beaten eggs while the pasta is hot', 'the temperature of the pasta will cook the eggs making is saucy white', 'mix in the rest of the ingradients , then top with parmesan cheese just before serving']",i got this from an italian friend. he says that this is how pasta carbonara is done in their home in milan. hope you like it.,"['spaghetti', 'eggs', 'salt', 'bacon', 'sweet bell pepper', 'celery', 'white pepper', 'cheese', 'parmesan cheese']",9
orange avocado salad with poppy seed dressing,20,5,"['combine the vinegar , sugar , dry mustard , salt , oil and poppy seeds in a container', 'mix well', 'place the romaine lettuce on salad plates', 'decorate with the orange and avocado slices', 'drizzle the dressing over top and serve']",great for those avacado lovers out there.  make sure that the dental floss is available to get all those seeds out of your teeth!!!,"['oranges', 'avocados', 'romaine lettuce', 'white wine vinegar', 'sugar', 'dry mustard', 'salt', 'vegetable oil', 'poppy seed']",9
chicken tuscany,60,5,"['in 13 x 9-inch baking pan , arrange chicken ,', 'red pepper and mushrooms', 'blend remaining ingredients', 'pour over chicken', 'bake 50 minutes at 425 degrees or until chicken is thoroughly cooked']",this is a recipe from lipton.  simple instructions -- i like those best!!  :),"['chicken', 'green bell pepper', 'sliced mushrooms', 'lipton onion soup mix', 'whole canned tomatoes', 'orange juice', 'brown sugar', 'vegetable oil']",8
french bread pizza rustica,30,13,"['preheat oven to 425f', 'split bread lengthwise and hollow it out', 'cut in half across to make 4 shells', 'brown sausage in a skillet over medium-high , breaking up large pieces with a spoon', 'add bell pepper , onion , and garlic', 'cook 3-5 minutes', 'add spinach', 'remove from heat and season to taste with salt and pepper', 'transfer mixture to a bowl', 'add ricotta and parmesan and combine well', 'fill bread shells and top with mounded mozzarella and provolone', 'bake in hot oven until cheese melts and bubbles and bread is super crisp , about 10-12 minutes', 'top with oregano and crushed red pepper and serve with marinara']","this is a rachael ray recipe i modified quite a bit to suit our tastes, so feel free to play with it to suit yours.  so good, i crave it if we don't have it twice a month.  i serve it with homemade pizza sauce.","['french bread', 'hot italian turkey sausage', 'red bell pepper', 'onion', 'garlic cloves', 'frozen chopped spinach', 'part-skim ricotta cheese', 'parmesan cheese', 'mozzarella cheese', 'provolone cheese', 'dried oregano', 'crushed red pepper flakes']",12
simply potato soup  sp5,14,4,"['on medium heat', 'place potatoes in a sauce pan', 'use whisk to add heavy cream , chicken base , butter and black pepper', 'bring soup to a slight bubble']","official contest entry: simply potatoes 5fix.  this is a simple and delicious soup your entire family will love.  i am always in the kitchen trying to create quick meals.  i put this soup together and it was a hit.  serve it with a salad and crusty bread.  you can also garnish it with shredded cheese, bacon and chives.  enjoy!!","['simply potatoes sour cream and chive mashed potatoes', 'heavy cream', 'chicken base', 'butter', 'black pepper']",5
ranch parm asparagus,18,4,"['steam asparagus for 2 minutes in microwave', 'mix with ranch dressing and place in a casserole dish', 'top with parmesan and ritz crackers', 'bake at 350 for about 10 to 15 minutes']","i got this recipe from kraft email.  it is a very good recipe and my dh who isn't so keen on asparagus ate it up. super easy and low-fat, low cal.","['asparagus', 'ranch dressing', 'parmesan cheese', 'ritz cracker']",4
xue s chicken with celery and leek,15,11,"['dice the chicken and celery', 'the celery should be sliced lengthways and then chopped along the lengths', 'this will stop parts of it burning when you stir-fry it', 'finely chop the leek', 'place the celery in boiling water for a minute', 'this will reduce the taste slightly', 'stir-fry the leek', 'then add the chicken and celery', 'cook until the chicken is cooked all the way through', 'add soy sauce and salt to taste', 'serve with rice']","as made by one of my housemates. the original recipe apparently calls for a two or three spring onions (scallions??), but leeks are cheaper here in the uk. this also works well with turkey, according to another housemate!","['chicken breast', 'celery', 'leek', 'soy sauce', 'salt']",5
crusty rolls,150,21,"['in large bowl , combine 1 cup warm water , sugar , salt and yeast', 'let stand until yeast is soft , about 5 minutes', 'stir in 2 egg whites , 1 cup flour and 2 tablespoons oil', 'add 2 1 / 2 cups more flour and stir until incorporated', 'scrape dough onto a well-floured board and dust with more flour', 'knead until smooth and elastic , about 10 minutes , adding flour as required to prevent sticking', 'place dough in an oiled bowl and turn over to coat', 'cover bowl with plastic wrap and let dough rise in a warm place until doubled , about 1 hour', 'punch dough down , then knead briefly on a lightly floured board to expel air', 'divide dough into 20 equal pieces and shape each into a ball that is smooth on top', 'as you shape balls , dip bottoms in cornmeal', 'set about 1 1 / 2 inches apart on an oiled 12x15-inch baking sheet', 'rub tops lightly with oil , drape with plastic wrap and let rise until puffy , about 30 minutes', 'in a small bowl , beat 1 egg yolk with 1 tablespoon water to blend', 'brush rolls lightly with egg yolk mixture', 'move 2 oven racks to the lowest positions in oven', 'when rolls are ready to bake , preheat oven to 400f , put another large pan on lowest rack and add at least 1 / 4 inch of boiling water', 'bake rolls on second rack', 'bake until richly browned , 25 to 30 minutes', 'transfer rolls to a rack to cool', 'serve warm or cool']",here is the secret to rolls that are crunchy on the outside and soft on the inside! prep time includes approximate rising time.,"['sugar', 'salt', 'active dry yeast', 'eggs', 'all-purpose flour', 'olive oil', 'cornmeal']",7
dawa,10,3,"['place the lime slices , honey and sugar in a heavy-based rocks glass and crush lightly together with a spoon', 'add some ice , and pour the vodka over it', 'adjust the flavor by crushing the lime slices further , if desired']","this comes from the book around the world in 80 bars, and the recipe comes from ""the carnivore"" in nairobi, kenya.  the carnivore is a nyama choma (barbecued meat) restaurant, and is licensed to serve gazelle, giraffe, and zebra.  in swahali, dawa means ""somewhere between a medicine and a magic potion'.  traditionally, this drink is served with a small wooden masher so that you can release more lime juice and adjust the flavor of your dawa to suit your liking. this is a pretty strong tasting drink, so i generally release more lime juice!!","['lime', 'honey', 'caster sugar', 'vodka', 'ice']",5
bella notte   coffee with raspberry di amore and whipped cream,2,2,"['add a dash of raspberry di amore to a cup of coffee', 'top with whipped cream']","this is a delicious hot coffee drink! great for the cold weather and pretty to sip! i love ""coffee, raspberry and whipped cream""...very good!","['strong coffee', 'raspberry liqueur', 'whipped cream']",3
